zipcode,month,avg_response_time_hours
83.0,2020-04,1.1994444444444445
83.0,2020-05,0.2654166666666667
83.0,2020-06,1.1813888888888888
10000.0,2020-01,92.69796296296296
10000.0,2020-02,79.40663194444446
10000.0,2020-03,6.736527777777779
10000.0,2020-04,0.8078073286052009
10000.0,2020-05,7.105197428833793
10000.0,2020-06,31.024321378340368
10000.0,2020-07,48.55131313131313
10000.0,2020-08,69.23837962962963
10000.0,2020-09,28.875324074074072
10001.0,2020-01,196.24041907728827
10001.0,2020-02,258.59770712909443
10001.0,2020-03,141.61138362794614
10001.0,2020-04,58.22143111518111
10001.0,2020-05,57.69396264908977
10001.0,2020-06,56.22385224447062
10001.0,2020-07,50.38285819337698
10001.0,2020-08,50.6846169497523
10001.0,2020-09,18.69497258127693
10002.0,2020-01,157.0043048348571
10002.0,2020-02,157.40817330016586
10002.0,2020-03,150.39969241300125
10002.0,2020-04,92.930243955095
10002.0,2020-05,56.6648213071168
10002.0,2020-06,62.59021348105638
10002.0,2020-07,74.3346062255723
10002.0,2020-08,55.27854374026678
10002.0,2020-09,23.107216971544712
10003.0,2020-01,176.38697872434537
10003.0,2020-02,188.39110620611316
10003.0,2020-03,205.00697983184332
10003.0,2020-04,82.2141206244664
10003.0,2020-05,60.448189215386186
10003.0,2020-06,87.45547201531139
10003.0,2020-07,116.89800964378
10003.0,2020-08,80.50811391784728
10003.0,2020-09,30.795064970089243
10004.0,2020-01,60.83554882737409
10004.0,2020-02,116.80856550580431
10004.0,2020-03,175.87732055063913
10004.0,2020-04,142.40015624999998
10004.0,2020-05,64.74443406022846
10004.0,2020-06,55.0547653256705
10004.0,2020-07,103.46902287581699
10004.0,2020-08,83.74068181818181
10004.0,2020-09,38.7775582437276
10005.0,2020-01,63.470904605263165
10005.0,2020-02,87.25359241452992
10005.0,2020-03,222.3372810218978
10005.0,2020-04,35.7907283197832
10005.0,2020-05,133.5454096045198
10005.0,2020-06,70.24739923747276
10005.0,2020-07,82.86349910394264
10005.0,2020-08,58.25532505910166
10005.0,2020-09,20.541736736736738
10006.0,2020-01,131.28956304619226
10006.0,2020-02,112.74118253968254
10006.0,2020-03,262.87890301318265
10006.0,2020-04,57.074050387596905
10006.0,2020-05,71.13775793650794
10006.0,2020-06,87.44265729585007
10006.0,2020-07,93.38681341719077
10006.0,2020-08,66.02162326388888
10006.0,2020-09,35.1099961419753
10007.0,2020-01,116.60944878472223
10007.0,2020-02,137.01974537037037
10007.0,2020-03,99.86189876543209
10007.0,2020-04,94.9015101010101
10007.0,2020-05,44.69583190148912
10007.0,2020-06,125.12608168549906
10007.0,2020-07,98.75827949438202
10007.0,2020-08,78.20197463768116
10007.0,2020-09,34.563245294474804
10009.0,2020-01,140.41539651837522
10009.0,2020-02,124.44796531854752
10009.0,2020-03,189.79352084972462
10009.0,2020-04,54.20878117913832
10009.0,2020-05,35.2912663723326
10009.0,2020-06,48.887474875950005
10009.0,2020-07,88.10785724606271
10009.0,2020-08,54.01951913543525
10009.0,2020-09,21.138944266524334
10010.0,2020-01,278.13703101030023
10010.0,2020-02,198.118898957593
10010.0,2020-03,94.44451668530947
10010.0,2020-04,61.84257020091987
10010.0,2020-05,73.4847701486698
10010.0,2020-06,55.49011177136389
10010.0,2020-07,141.0691158234127
10010.0,2020-08,60.4439253647587
10010.0,2020-09,30.696140740740738
10011.0,2020-01,185.7942157035471
10011.0,2020-02,204.50648999999999
10011.0,2020-03,180.68247991557735
10011.0,2020-04,86.35428497139885
10011.0,2020-05,82.50067080045096
10011.0,2020-06,105.20455164813144
10011.0,2020-07,118.70480292588562
10011.0,2020-08,66.06862127735917
10011.0,2020-09,30.509944444444447
10012.0,2020-01,176.29371712962964
10012.0,2020-02,171.04258469945356
10012.0,2020-03,241.1930424903431
10012.0,2020-04,65.31367728531856
10012.0,2020-05,116.5499488926746
10012.0,2020-06,87.88528918214402
10012.0,2020-07,166.08665820868947
10012.0,2020-08,80.82150165016502
10012.0,2020-09,29.321986404833837
10013.0,2020-01,132.29491398358584
10013.0,2020-02,124.78300144853443
10013.0,2020-03,167.63537551440328
10013.0,2020-04,88.80223734873486
10013.0,2020-05,43.085440596846844
10013.0,2020-06,89.92332315994338
10013.0,2020-07,85.13025191455058
10013.0,2020-08,65.68122401937802
10013.0,2020-09,29.52582070707071
10014.0,2020-01,180.9893143888137
10014.0,2020-02,131.60418977979492
10014.0,2020-03,283.5113163452709
10014.0,2020-04,83.83153629629629
10014.0,2020-05,57.14067200388162
10014.0,2020-06,99.27291028845153
10014.0,2020-07,157.43209234077173
10014.0,2020-08,66.72286676140209
10014.0,2020-09,32.72805186660764
10016.0,2020-01,126.88223256635382
10016.0,2020-02,190.73201755651755
10016.0,2020-03,144.53628070175438
10016.0,2020-04,85.91612460638777
10016.0,2020-05,56.63350926850927
10016.0,2020-06,112.59062093047679
10016.0,2020-07,109.14384885378962
10016.0,2020-08,134.3410734299517
10016.0,2020-09,62.50459350221399
10017.0,2020-01,304.5514890350877
10017.0,2020-02,310.83653708668453
10017.0,2020-03,288.85150041305246
10017.0,2020-04,68.4125424701561
10017.0,2020-05,44.15547839506173
10017.0,2020-06,75.5207365466512
10017.0,2020-07,106.82646599070553
10017.0,2020-08,92.03751543209877
10017.0,2020-09,23.897989356178606
10018.0,2020-01,187.89805476641413
10018.0,2020-02,313.7573168789809
10018.0,2020-03,270.81289824771005
10018.0,2020-04,54.303346624136104
10018.0,2020-05,64.03141754850088
10018.0,2020-06,53.578212560386476
10018.0,2020-07,98.46929512258737
10018.0,2020-08,50.50435305658819
10018.0,2020-09,12.891698047419805
10019.0,2020-01,147.54384284284285
10019.0,2020-02,173.97530588299497
10019.0,2020-03,179.07360494841598
10019.0,2020-04,69.93886711711711
10019.0,2020-05,41.38621861025112
10019.0,2020-06,74.35251443606221
10019.0,2020-07,101.45258371385084
10019.0,2020-08,46.409339988206554
10019.0,2020-09,18.62847450264964
10020.0,2020-01,498.50425925925924
10020.0,2020-02,145.6326
10020.0,2020-03,202.4851495726496
10020.0,2020-04,0.25125000000000003
10020.0,2020-05,0.24152777777777779
10020.0,2020-06,62.391507936507935
10020.0,2020-07,118.5054365079365
10020.0,2020-08,15.510173611111112
10020.0,2020-09,11.679242424242425
10021.0,2020-01,150.93691160372194
10021.0,2020-02,165.2163507625272
10021.0,2020-03,278.16983091787444
10021.0,2020-04,122.94068121693121
10021.0,2020-05,121.07348986794172
10021.0,2020-06,135.71093446824088
10021.0,2020-07,187.3317900516796
10021.0,2020-08,86.63353023909987
10021.0,2020-09,47.27532196969697
10022.0,2020-01,177.4248823582036
10022.0,2020-02,230.23982771970577
10022.0,2020-03,180.42007164669954
10022.0,2020-04,139.84142962962963
10022.0,2020-05,99.67956883087908
10022.0,2020-06,102.86892101621194
10022.0,2020-07,117.84702747909199
10022.0,2020-08,88.1091225749559
10022.0,2020-09,30.578698229077407
10023.0,2020-01,146.8310823092678
10023.0,2020-02,137.32283317836666
10023.0,2020-03,168.62155458742924
10023.0,2020-04,87.57291182733256
10023.0,2020-05,42.613393055555555
10023.0,2020-06,70.724571616048
10023.0,2020-07,105.65476211903048
10023.0,2020-08,59.2534719241774
10023.0,2020-09,21.001205833709214
10024.0,2020-01,134.13219739455542
10024.0,2020-02,160.48564969931272
10024.0,2020-03,201.70810329218105
10024.0,2020-04,122.93778224365845
10024.0,2020-05,78.4703725824801
10024.0,2020-06,102.29479622745421
10024.0,2020-07,76.86057526881721
10024.0,2020-08,64.91763589666866
10024.0,2020-09,26.657579545454546
10025.0,2020-01,133.1974918688467
10025.0,2020-02,182.94794780112863
10025.0,2020-03,213.81592446283756
10025.0,2020-04,130.9303932409628
10025.0,2020-05,65.01603659368392
10025.0,2020-06,82.93490583371613
10025.0,2020-07,98.49967291045834
10025.0,2020-08,65.42783493077742
10025.0,2020-09,24.682210366965784
10026.0,2020-01,140.80777178257395
10026.0,2020-02,114.63610387522108
10026.0,2020-03,186.15028546220398
10026.0,2020-04,109.77198443223443
10026.0,2020-05,89.55718370522162
10026.0,2020-06,41.974283284385706
10026.0,2020-07,67.11455003050641
10026.0,2020-08,46.819671176840785
10026.0,2020-09,11.2620883470551
10027.0,2020-01,130.5074756097561
10027.0,2020-02,126.74357121879589
10027.0,2020-03,222.2244550855724
10027.0,2020-04,115.52162984248616
10027.0,2020-05,68.79811863779382
10027.0,2020-06,83.68472172729521
10027.0,2020-07,91.21391588117682
10027.0,2020-08,65.84921583459405
10027.0,2020-09,23.55584486598266
10028.0,2020-01,130.76005308183878
10028.0,2020-02,132.71806539351851
10028.0,2020-03,178.4673706577975
10028.0,2020-04,64.11496929327286
10028.0,2020-05,61.82052828513445
10028.0,2020-06,91.23148600554953
10028.0,2020-07,153.99124109901922
10028.0,2020-08,67.60317634363687
10028.0,2020-09,21.895337390296405
10029.0,2020-01,106.31163852498787
10029.0,2020-02,137.2996987982483
10029.0,2020-03,161.7538333786478
10029.0,2020-04,127.38508748741188
10029.0,2020-05,91.65581391954224
10029.0,2020-06,50.31293005671077
10029.0,2020-07,87.45833067401605
10029.0,2020-08,50.26782016836826
10029.0,2020-09,19.43533099191145
10030.0,2020-01,131.91671855493132
10030.0,2020-02,90.97579535054
10030.0,2020-03,361.33745535714286
10030.0,2020-04,124.4740873015873
10030.0,2020-05,126.23400442716769
10030.0,2020-06,59.14168005983441
10030.0,2020-07,121.41193724382408
10030.0,2020-08,73.35901490066226
10030.0,2020-09,32.25367611434108
10031.0,2020-01,96.06435391951618
10031.0,2020-02,102.31094095288606
10031.0,2020-03,259.13915278703087
10031.0,2020-04,157.50472686013381
10031.0,2020-05,75.48078877244839
10031.0,2020-06,67.66563076640062
10031.0,2020-07,67.10813490935506
10031.0,2020-08,57.90675853407698
10031.0,2020-09,17.319060174240434
10032.0,2020-01,134.0163530027933
10032.0,2020-02,185.6503151997263
10032.0,2020-03,207.3367871315193
10032.0,2020-04,152.4236463276836
10032.0,2020-05,83.84075989006038
10032.0,2020-06,50.968483093337134
10032.0,2020-07,39.66824441336836
10032.0,2020-08,34.59693817368314
10032.0,2020-09,17.74136152721037
10033.0,2020-01,133.6219406935067
10033.0,2020-02,146.92023120138288
10033.0,2020-03,247.10155116395313
10033.0,2020-04,196.10426068722944
10033.0,2020-05,80.22388611600444
10033.0,2020-06,57.864985011990406
10033.0,2020-07,53.4658785685565
10033.0,2020-08,40.595812675590814
10033.0,2020-09,15.684850918244345
10034.0,2020-01,135.70235028976174
10034.0,2020-02,114.26452003839692
10034.0,2020-03,245.41006757369615
10034.0,2020-04,101.7547622305141
10034.0,2020-05,41.79208519827248
10034.0,2020-06,28.48894153408356
10034.0,2020-07,40.19700252188103
10034.0,2020-08,20.387647252473485
10034.0,2020-09,6.768605902777778
10035.0,2020-01,122.57835590756045
10035.0,2020-02,160.95713806035235
10035.0,2020-03,249.88126182408584
10035.0,2020-04,183.16669421755478
10035.0,2020-05,104.668298047331
10035.0,2020-06,66.61914094280928
10035.0,2020-07,112.80792898402989
10035.0,2020-08,61.30301661669166
10035.0,2020-09,28.972236703528175
10036.0,2020-01,228.1529424157303
10036.0,2020-02,238.84503022452503
10036.0,2020-03,220.46924440483264
10036.0,2020-04,96.55288063691306
10036.0,2020-05,50.59910197869102
10036.0,2020-06,79.15519814814814
10036.0,2020-07,114.65795721187025
10036.0,2020-08,53.755114466815805
10036.0,2020-09,24.00307324016563
10037.0,2020-01,107.54971558872305
10037.0,2020-02,175.40857592592593
10037.0,2020-03,265.6118485380117
10037.0,2020-04,64.94677397446345
10037.0,2020-05,74.4094957774466
10037.0,2020-06,67.13796674413457
10037.0,2020-07,95.64237831294598
10037.0,2020-08,73.76359538784067
10037.0,2020-09,11.610961881589619
10038.0,2020-01,81.00349476911977
10038.0,2020-02,76.7656045751634
10038.0,2020-03,100.97212287104624
10038.0,2020-04,70.49485061369509
10038.0,2020-05,28.785706836018175
10038.0,2020-06,78.69090277777778
10038.0,2020-07,79.18687431514356
10038.0,2020-08,82.1205041416738
10038.0,2020-09,30.554827138289365
10039.0,2020-01,128.1231005892256
10039.0,2020-02,144.33776008797093
10039.0,2020-03,204.78068217790442
10039.0,2020-04,145.85037413429689
10039.0,2020-05,102.99769582565992
10039.0,2020-06,83.92510362162717
10039.0,2020-07,115.81302613574165
10039.0,2020-08,63.43305280800088
10039.0,2020-09,16.79490850970018
10040.0,2020-01,119.58147265400115
10040.0,2020-02,106.38437716562716
10040.0,2020-03,190.03694160775072
10040.0,2020-04,121.8617824660103
10040.0,2020-05,37.77579401675131
10040.0,2020-06,20.699299454669394
10040.0,2020-07,41.36534639550265
10040.0,2020-08,31.916680768197686
10040.0,2020-09,13.16402823797953
10041.0,2020-01,251.56965277777778
10041.0,2020-02,0.0
10041.0,2020-03,24.711388888888887
10041.0,2020-04,0.055
10041.0,2020-06,66.90194444444445
10041.0,2020-07,19.02
10041.0,2020-08,25.04652777777778
10041.0,2020-09,11.008
10044.0,2020-01,99.84869883040936
10044.0,2020-02,25.02361111111111
10044.0,2020-03,356.1059188034188
10044.0,2020-04,105.2958111111111
10044.0,2020-05,14.577760942760941
10044.0,2020-06,44.05511229314421
10044.0,2020-07,260.7818686868687
10044.0,2020-08,59.79347670250896
10044.0,2020-09,88.42696581196581
10045.0,2020-01,35.85861111111111
10045.0,2020-02,144.76000000000002
10045.0,2020-04,0.15694444444444444
10045.0,2020-05,1.0094444444444444
10045.0,2020-08,898.1130555555555
10045.0,2020-09,11.294027777777778
10048.0,2020-08,0.2086111111111111
10048.0,2020-09,7.65
10055.0,2020-02,166.79861111111111
10055.0,2020-09,230.31333333333333
10065.0,2020-01,181.71607739665788
10065.0,2020-02,202.3405875509017
10065.0,2020-03,179.62758888888888
10065.0,2020-04,56.990033444816056
10065.0,2020-05,64.56169270833333
10065.0,2020-06,75.49697633434039
10065.0,2020-07,124.62379925925927
10065.0,2020-08,83.12419107091588
10065.0,2020-09,31.570691434468525
10069.0,2020-01,121.90222222222222
10069.0,2020-02,93.36195555555555
10069.0,2020-03,162.19824074074074
10069.0,2020-04,176.33378600823048
10069.0,2020-05,69.76219696969697
10069.0,2020-06,92.21061447811448
10069.0,2020-07,62.991085858585855
10069.0,2020-08,24.07371212121212
10069.0,2020-09,10.480530303030303
10075.0,2020-01,153.98618992695117
10075.0,2020-02,127.19401180797522
10075.0,2020-03,353.8232791977281
10075.0,2020-04,288.2429024342363
10075.0,2020-05,140.5117958152958
10075.0,2020-06,165.35383580570098
10075.0,2020-07,197.70220298553403
10075.0,2020-08,129.2595909090909
10075.0,2020-09,38.92618427069044
10103.0,2020-01,38.09034722222222
10103.0,2020-02,249.18166666666667
10103.0,2020-03,0.35944444444444446
10103.0,2020-05,0.021111111111111112
10103.0,2020-06,0.0
10103.0,2020-07,94.315
10103.0,2020-08,0.5601388888888889
10103.0,2020-09,2.7198611111111113
10105.0,2020-01,103.34796296296297
10105.0,2020-03,573.2024305555556
10105.0,2020-04,0.12472222222222222
10105.0,2020-05,2.05375
10105.0,2020-07,69.4225
10105.0,2020-08,0.7172222222222222
10105.0,2020-09,4.6752777777777785
10106.0,2020-02,1.3
10106.0,2020-03,60.31666666666666
10106.0,2020-04,0.6466666666666666
10107.0,2020-03,18.682954545454546
10107.0,2020-05,21.411527777777778
10107.0,2020-08,2.859583333333333
10110.0,2020-01,12.721666666666666
10110.0,2020-02,474.4212037037037
10110.0,2020-07,2.3223611111111113
10111.0,2020-02,1413.3508333333334
10111.0,2020-03,1.2661111111111112
10111.0,2020-04,10.039814814814815
10111.0,2020-05,0.0575
10111.0,2020-07,499.62083333333334
10112.0,2020-02,408.2559722222222
10112.0,2020-04,43.39333333333334
10112.0,2020-06,24.920277777777777
10112.0,2020-07,410.40333333333336
10112.0,2020-08,24.799166666666668
10112.0,2020-09,146.0914814814815
10115.0,2020-03,171.98694444444445
10115.0,2020-05,352.6045833333334
10115.0,2020-06,1072.963611111111
10115.0,2020-07,389.7578703703704
10115.0,2020-08,228.9449074074074
10118.0,2020-01,437.9333796296296
10118.0,2020-02,40.20291666666667
10118.0,2020-03,30.24361111111111
10118.0,2020-05,635.2755555555556
10118.0,2020-07,30.953611111111112
10118.0,2020-08,34.76833333333333
10119.0,2020-01,448.7636111111111
10119.0,2020-02,20.524675925925926
10119.0,2020-03,22.578125000000004
10119.0,2020-04,0.8402777777777778
10119.0,2020-05,7.911277777777778
10119.0,2020-06,1.2499259259259259
10119.0,2020-07,3.233763888888889
10119.0,2020-08,4.076319444444445
10119.0,2020-09,6.91381313131313
10120.0,2020-01,635.3035416666667
10120.0,2020-02,10.325000000000001
10120.0,2020-03,78.9462962962963
10120.0,2020-04,3.267638888888889
10120.0,2020-05,0.14319444444444443
10120.0,2020-06,119.85486111111112
10120.0,2020-07,110.71444444444445
10120.0,2020-08,0.7571825396825397
10121.0,2020-01,443.18600574712644
10121.0,2020-02,446.75281362007166
10121.0,2020-03,566.1737847222222
10121.0,2020-04,10.692256944444443
10121.0,2020-05,0.21652777777777776
10121.0,2020-06,2.7862777777777774
10121.0,2020-07,172.3541111111111
10121.0,2020-08,291.2886666666667
10121.0,2020-09,23.81719696969697
10122.0,2020-02,1151.6479166666666
10122.0,2020-03,89.16388888888889
10122.0,2020-04,0.0
10122.0,2020-05,0.32472222222222225
10122.0,2020-07,39.75777777777778
10123.0,2020-01,6.735722222222222
10123.0,2020-02,3.009097222222222
10123.0,2020-04,0.05333333333333334
10123.0,2020-06,1.7075
10123.0,2020-07,6.48125
10123.0,2020-08,0.19
10123.0,2020-09,0.4410185185185185
10128.0,2020-01,166.36153787878789
10128.0,2020-02,215.44654250404253
10128.0,2020-03,206.35517916422575
10128.0,2020-04,68.54115287490288
10128.0,2020-05,80.15333411470543
10128.0,2020-06,93.10892611321815
10128.0,2020-07,107.93317869415806
10128.0,2020-08,98.07323259525235
10128.0,2020-09,35.97579323570432
10151.0,2020-01,2.854722222222222
10151.0,2020-07,0.2922222222222222
10151.0,2020-08,0.24481481481481482
10151.0,2020-09,2.2670833333333333
10152.0,2020-01,16.92888888888889
10152.0,2020-02,22.036527777777778
10152.0,2020-03,1198.1
10152.0,2020-09,11.367777777777778
10153.0,2020-06,184.8437037037037
10153.0,2020-07,0.4421296296296296
10153.0,2020-08,0.19111111111111112
10154.0,2020-01,3.1352777777777776
10154.0,2020-03,593.5290277777779
10154.0,2020-06,359.9060185185185
10154.0,2020-07,22.558333333333334
10154.0,2020-08,24.878680555555558
10154.0,2020-09,0.5769444444444445
10155.0,2020-01,4.200555555555556
10155.0,2020-02,1520.8005555555555
10155.0,2020-03,35.92625
10155.0,2020-04,1.2891666666666666
10155.0,2020-06,1.6047222222222222
10155.0,2020-08,0.6133333333333333
10158.0,2020-02,1570.8972222222221
10158.0,2020-03,24.0
10158.0,2020-08,0.07111111111111111
10162.0,2020-01,14.369305555555556
10162.0,2020-03,10.61088888888889
10162.0,2020-04,0.44125000000000003
10162.0,2020-05,18.494027777777777
10162.0,2020-06,42.48506944444444
10162.0,2020-07,40.291923076923084
10162.0,2020-08,27.00787037037037
10162.0,2020-09,0.15555555555555556
10165.0,2020-01,357.9757638888889
10165.0,2020-02,4.387083333333333
10165.0,2020-04,0.5296296296296297
10165.0,2020-05,971.1036111111111
10165.0,2020-07,63.98833333333334
10165.0,2020-08,15.597962962962965
10166.0,2020-01,0.44055555555555553
10166.0,2020-05,0.04027777777777778
10167.0,2020-07,2.4780555555555557
10168.0,2020-01,799.7796666666666
10168.0,2020-02,332.63048611111117
10168.0,2020-03,360.5561666666666
10168.0,2020-04,1.0964444444444443
10168.0,2020-05,0.16583333333333333
10168.0,2020-06,0.3711111111111111
10168.0,2020-07,0.17324074074074072
10168.0,2020-09,4.25111111111111
10169.0,2020-01,7.814783950617285
10169.0,2020-02,2.4086805555555553
10169.0,2020-03,17.746219512195122
10169.0,2020-04,4.339888888888889
10169.0,2020-05,8.437173202614378
10169.0,2020-06,7.8289850427350425
10169.0,2020-07,25.35584422657952
10169.0,2020-08,4.150428802588997
10169.0,2020-09,4.600608747044918
10170.0,2020-01,85.35
10170.0,2020-02,2.7672222222222222
10170.0,2020-04,0.1688888888888889
10170.0,2020-06,15.895833333333334
10170.0,2020-07,78.24188271604937
10170.0,2020-08,118.50037037037038
10170.0,2020-09,0.12576388888888887
10171.0,2020-01,127.29777777777778
10171.0,2020-03,23.333333333333332
10171.0,2020-05,33.09097222222222
10171.0,2020-09,22.296944444444446
10172.0,2020-01,16.50138888888889
10172.0,2020-02,56.634027777777774
10172.0,2020-03,25.975925925925925
10172.0,2020-07,143.8711111111111
10173.0,2020-01,47.89472222222222
10173.0,2020-04,0.44
10173.0,2020-05,18.0
10173.0,2020-07,9.09
10173.0,2020-08,0.6055555555555555
10173.0,2020-09,8.531666666666666
10174.0,2020-03,411.5179166666667
10174.0,2020-04,4.883611111111111
10174.0,2020-05,0.09944444444444445
10174.0,2020-09,83.24277777777777
10175.0,2020-07,2.0052777777777777
10176.0,2020-02,196.56666666666666
10176.0,2020-03,91.41064814814814
10177.0,2020-01,654.2323611111111
10177.0,2020-03,52.863055555555555
10177.0,2020-05,0.555
10177.0,2020-06,0.14722222222222223
10177.0,2020-07,21.18027777777778
10177.0,2020-09,4.6075
10178.0,2020-01,108.91324074074073
10178.0,2020-03,2243.2805555555556
10178.0,2020-06,4.500601851851852
10178.0,2020-07,0.21291666666666667
10178.0,2020-08,37.27694444444444
10178.0,2020-09,0.2927777777777778
10179.0,2020-02,698.220324074074
10179.0,2020-06,0.3869444444444444
10271.0,2020-01,1996.1293055555557
10271.0,2020-02,0.4211111111111111
10271.0,2020-03,751.6545833333333
10271.0,2020-06,4.426527777777778
10271.0,2020-07,3.305555555555556
10271.0,2020-08,0.0
10278.0,2020-01,307.92284722222223
10278.0,2020-02,4.19212962962963
10278.0,2020-03,15.392777777777777
10278.0,2020-04,14.615324074074076
10278.0,2020-05,84.51513888888888
10278.0,2020-06,52.640499999999996
10278.0,2020-07,4.764166666666666
10278.0,2020-08,12.851064814814814
10278.0,2020-09,5.85
10279.0,2020-01,23.529884259259262
10279.0,2020-02,195.4775
10279.0,2020-04,0.21375
10279.0,2020-05,0.32375
10279.0,2020-06,0.17194444444444446
10279.0,2020-07,7.58638888888889
10279.0,2020-08,34.234722222222224
10279.0,2020-09,205.4613888888889
10280.0,2020-01,177.6625664251208
10280.0,2020-02,76.00866898148148
10280.0,2020-03,197.94969246031746
10280.0,2020-04,18.258183183183185
10280.0,2020-05,3.860833333333334
10280.0,2020-06,49.919805555555556
10280.0,2020-07,39.867540650406504
10280.0,2020-08,37.78997777777778
10280.0,2020-09,17.883849206349208
10281.0,2020-01,328.97020833333335
10281.0,2020-02,449.1543981481482
10281.0,2020-03,646.3384722222222
10281.0,2020-04,533.8083333333334
10281.0,2020-05,20.830092592592592
10281.0,2020-06,151.17916666666667
10281.0,2020-07,52.13625
10281.0,2020-08,43.484365079365084
10281.0,2020-09,0.5485416666666667
10282.0,2020-01,37.062092013888886
10282.0,2020-02,138.86186274509805
10282.0,2020-03,84.44439814814815
10282.0,2020-04,48.54490740740741
10282.0,2020-05,9.087509107468124
10282.0,2020-06,79.86848765432099
10282.0,2020-07,56.827842592592596
10282.0,2020-08,235.49814814814815
10282.0,2020-09,32.14944444444444
10301.0,2020-01,124.53797357132973
10301.0,2020-02,131.63723239436618
10301.0,2020-03,176.22605804421022
10301.0,2020-04,83.85783217073576
10301.0,2020-05,79.97256144685164
10301.0,2020-06,102.7098071107655
10301.0,2020-07,124.92899844236759
10301.0,2020-08,75.90838996289787
10301.0,2020-09,32.47576490514905
10302.0,2020-01,183.11683274021354
10302.0,2020-02,162.26113267770876
10302.0,2020-03,356.01442769897557
10302.0,2020-04,107.4400293998378
10302.0,2020-05,180.2213002873563
10302.0,2020-06,86.87727812000912
10302.0,2020-07,147.83012359011278
10302.0,2020-08,86.41279202279203
10302.0,2020-09,23.364393821391484
10303.0,2020-01,120.12356097961867
10303.0,2020-02,125.29143037037038
10303.0,2020-03,172.86533242258653
10303.0,2020-04,140.34518696581196
10303.0,2020-05,95.241614755909
10303.0,2020-06,95.60340905409782
10303.0,2020-07,136.22226554907678
10303.0,2020-08,62.621443236714974
10303.0,2020-09,23.96710495455878
10304.0,2020-01,126.28501464128843
10304.0,2020-02,137.0912812333865
10304.0,2020-03,242.77238915814036
10304.0,2020-04,205.24269893483708
10304.0,2020-05,134.60696347997745
10304.0,2020-06,104.39885302125876
10304.0,2020-07,131.06717923558546
10304.0,2020-08,103.37567362335881
10304.0,2020-09,33.40622321701867
10305.0,2020-01,107.7617093639576
10305.0,2020-02,86.6038540213854
10305.0,2020-03,115.09505282127766
10305.0,2020-04,123.73023148148148
10305.0,2020-05,122.53680022259321
10305.0,2020-06,118.35377631578947
10305.0,2020-07,121.8468761174968
10305.0,2020-08,106.14529812779813
10305.0,2020-09,24.623801382157602
10306.0,2020-01,103.84597975583371
10306.0,2020-02,110.15480657181573
10306.0,2020-03,137.9806812707016
10306.0,2020-04,74.62190776604068
10306.0,2020-05,104.73465546942292
10306.0,2020-06,145.4306855396066
10306.0,2020-07,128.27716716049383
10306.0,2020-08,115.14317127866632
10306.0,2020-09,36.064438956433634
10307.0,2020-01,157.92224666666667
10307.0,2020-02,138.11995652173914
10307.0,2020-03,127.67976273148149
10307.0,2020-04,89.84339611872146
10307.0,2020-05,55.55470469255663
10307.0,2020-06,81.80068945442449
10307.0,2020-07,78.22163407407407
10307.0,2020-08,115.03682315064391
10307.0,2020-09,36.72106635802469
10308.0,2020-01,120.51071910695742
10308.0,2020-02,102.1822823509485
10308.0,2020-03,145.88002362055934
10308.0,2020-04,57.0227380952381
10308.0,2020-05,98.93996843434343
10308.0,2020-06,68.87277342995169
10308.0,2020-07,132.694666985341
10308.0,2020-08,119.15104049756827
10308.0,2020-09,37.94986633811231
10309.0,2020-01,122.16076415293621
10309.0,2020-02,133.10778500843577
10309.0,2020-03,171.43241761982569
10309.0,2020-04,88.49381334592383
10309.0,2020-05,104.34664090501792
10309.0,2020-06,156.22310024657114
10309.0,2020-07,116.46491759125261
10309.0,2020-08,126.4740264390897
10309.0,2020-09,38.366216608594655
10310.0,2020-01,109.01735270132518
10310.0,2020-02,97.58751873385013
10310.0,2020-03,170.72753684807253
10310.0,2020-04,187.68826801801802
10310.0,2020-05,61.21383524904215
10310.0,2020-06,86.89447916666667
10310.0,2020-07,100.35135763888889
10310.0,2020-08,82.41727207977208
10310.0,2020-09,31.2380056745378
10312.0,2020-01,108.65717911877395
10312.0,2020-02,140.04052836566726
10312.0,2020-03,187.73704045626127
10312.0,2020-04,83.25355234289296
10312.0,2020-05,102.86109576780463
10312.0,2020-06,128.6899630047655
10312.0,2020-07,108.97802513227514
10312.0,2020-08,132.61579788568918
10312.0,2020-09,43.58061075875029
10314.0,2020-01,100.64833309073265
10314.0,2020-02,145.1208871493803
10314.0,2020-03,140.6564406246978
10314.0,2020-04,94.05505080109417
10314.0,2020-05,107.91771165236929
10314.0,2020-06,95.1054607688257
10314.0,2020-07,99.34851323828921
10314.0,2020-08,100.91565395592724
10314.0,2020-09,29.90997313296904
10451.0,2020-01,158.97118848653668
10451.0,2020-02,164.87328086743616
10451.0,2020-03,357.70297266627193
10451.0,2020-04,119.66290824915825
10451.0,2020-05,77.1226520578733
10451.0,2020-06,61.169425559291085
10451.0,2020-07,72.83667911788869
10451.0,2020-08,61.84325223361516
10451.0,2020-09,21.198883442265796
10452.0,2020-01,186.9793531267929
10452.0,2020-02,183.13950774068698
10452.0,2020-03,380.77328846938184
10452.0,2020-04,127.6274304169439
10452.0,2020-05,82.68078540337586
10452.0,2020-06,75.25712635143937
10452.0,2020-07,72.90368128970394
10452.0,2020-08,48.727399399780204
10452.0,2020-09,23.18750291065553
10453.0,2020-01,212.9658538415366
10453.0,2020-02,146.64825830040897
10453.0,2020-03,272.4297882501075
10453.0,2020-04,175.0166067390321
10453.0,2020-05,95.63347831089632
10453.0,2020-06,52.40008517770799
10453.0,2020-07,74.23704086464474
10453.0,2020-08,49.441657127991675
10453.0,2020-09,19.97992875616064
10454.0,2020-01,171.23428090766822
10454.0,2020-02,140.13774156441718
10454.0,2020-03,208.98192700817702
10454.0,2020-04,122.81428400059978
10454.0,2020-05,87.24755007153075
10454.0,2020-06,75.24445220487537
10454.0,2020-07,140.01392623511032
10454.0,2020-08,56.26118315018315
10454.0,2020-09,26.96311665964321
10455.0,2020-01,141.2065016400164
10455.0,2020-02,149.1420861111111
10455.0,2020-03,163.16273757309943
10455.0,2020-04,115.92949539776463
10455.0,2020-05,102.03296504110095
10455.0,2020-06,71.26166055590474
10455.0,2020-07,95.58104285412709
10455.0,2020-08,69.76612717381992
10455.0,2020-09,20.82917861111111
10456.0,2020-01,170.21168402777778
10456.0,2020-02,171.55376981505944
10456.0,2020-03,237.33581064886147
10456.0,2020-04,152.38903081232493
10456.0,2020-05,90.66697214372225
10456.0,2020-06,73.22088398156437
10456.0,2020-07,98.50406719959119
10456.0,2020-08,88.13529631155042
10456.0,2020-09,26.31238560521117
10457.0,2020-01,152.12494608838605
10457.0,2020-02,124.18310798594969
10457.0,2020-03,230.41587595097212
10457.0,2020-04,145.17961463223787
10457.0,2020-05,68.61719931013798
10457.0,2020-06,72.82946037014685
10457.0,2020-07,83.12939464228863
10457.0,2020-08,35.585283296541576
10457.0,2020-09,26.186706042964165
10458.0,2020-01,199.06039556962028
10458.0,2020-02,151.69921897659
10458.0,2020-03,226.88826842467466
10458.0,2020-04,158.52988906868032
10458.0,2020-05,122.84503432639205
10458.0,2020-06,98.79361345370671
10458.0,2020-07,110.16002383474576
10458.0,2020-08,68.16765813566376
10458.0,2020-09,26.760260397609464
10459.0,2020-01,204.6662762456021
10459.0,2020-02,214.849548098434
10459.0,2020-03,317.49988679245286
10459.0,2020-04,191.06138343156516
10459.0,2020-05,106.03253239104829
10459.0,2020-06,130.17340097792177
10459.0,2020-07,129.0883413920137
10459.0,2020-08,80.76957713662503
10459.0,2020-09,27.41598137600579
10460.0,2020-01,175.9240276801749
10460.0,2020-02,154.36939577594123
10460.0,2020-03,290.92162403100775
10460.0,2020-04,159.99216025080196
10460.0,2020-05,106.36933745421244
10460.0,2020-06,86.87391760611496
10460.0,2020-07,99.9626823555883
10460.0,2020-08,69.19829834424519
10460.0,2020-09,23.826557682821555
10461.0,2020-01,153.41320775116432
10461.0,2020-02,153.46414474362945
10461.0,2020-03,200.11760515873016
10461.0,2020-04,134.3371623197625
10461.0,2020-05,59.10608171559343
10461.0,2020-06,145.33544266089862
10461.0,2020-07,105.70355884389062
10461.0,2020-08,98.9362820974322
10461.0,2020-09,30.460568144499177
10462.0,2020-01,144.88059909804835
10462.0,2020-02,132.12303215742742
10462.0,2020-03,177.7220602999694
10462.0,2020-04,108.94621678946193
10462.0,2020-05,76.05212000757145
10462.0,2020-06,75.40146279443255
10462.0,2020-07,104.42249379267535
10462.0,2020-08,79.80060888517899
10462.0,2020-09,34.261851061076605
10463.0,2020-01,154.592715066731
10463.0,2020-02,112.68392172739541
10463.0,2020-03,129.0909677963244
10463.0,2020-04,89.71654429046114
10463.0,2020-05,63.552064944834505
10463.0,2020-06,75.91800273077267
10463.0,2020-07,99.36922441860465
10463.0,2020-08,48.811335218702865
10463.0,2020-09,21.947534859103516
10464.0,2020-01,159.21984463276834
10464.0,2020-02,187.92303587051617
10464.0,2020-03,75.33020760233917
10464.0,2020-04,62.978166016894086
10464.0,2020-05,80.28359561752988
10464.0,2020-06,140.81792897327708
10464.0,2020-07,104.39283647798742
10464.0,2020-08,81.16202562597809
10464.0,2020-09,32.778930555555554
10465.0,2020-01,126.4650850266609
10465.0,2020-02,128.95702658540893
10465.0,2020-03,78.44251022278624
10465.0,2020-04,73.97143954248367
10465.0,2020-05,87.3502147890723
10465.0,2020-06,119.95803323412699
10465.0,2020-07,81.62817671872196
10465.0,2020-08,79.06541469567959
10465.0,2020-09,19.30171610720791
10466.0,2020-01,151.73649277866383
10466.0,2020-02,161.26420813964089
10466.0,2020-03,244.0434611251285
10466.0,2020-04,42.66786378239838
10466.0,2020-05,23.675222281440874
10466.0,2020-06,40.67648677717323
10466.0,2020-07,31.897815393090294
10466.0,2020-08,15.822051916986727
10466.0,2020-09,8.802545891005165
10467.0,2020-01,255.80680497636922
10467.0,2020-02,176.27319396099233
10467.0,2020-03,295.24952045795794
10467.0,2020-04,145.7903510821116
10467.0,2020-05,112.71189234896197
10467.0,2020-06,110.40724177097822
10467.0,2020-07,130.8984296431468
10467.0,2020-08,85.53514901113448
10467.0,2020-09,28.404610917537745
10468.0,2020-01,200.6879588993382
10468.0,2020-02,145.66050816696915
10468.0,2020-03,213.42737300094075
10468.0,2020-04,113.67799865335867
10468.0,2020-05,87.46043014533521
10468.0,2020-06,65.71123640467884
10468.0,2020-07,89.43672099823202
10468.0,2020-08,47.64444535568921
10468.0,2020-09,20.737470250743733
10469.0,2020-01,164.48926708043194
10469.0,2020-02,162.14960578148532
10469.0,2020-03,166.0464882490464
10469.0,2020-04,166.91140726043503
10469.0,2020-05,129.61733779722442
10469.0,2020-06,112.00495497285127
10469.0,2020-07,111.56286383721759
10469.0,2020-08,85.3671191930409
10469.0,2020-09,27.286392801251957
10470.0,2020-01,162.1229556898288
10470.0,2020-02,174.11991804467655
10470.0,2020-03,277.00475783475787
10470.0,2020-04,109.3914576388889
10470.0,2020-05,90.22643483312208
10470.0,2020-06,97.8608785113616
10470.0,2020-07,114.68677431328878
10470.0,2020-08,86.02248493186582
10470.0,2020-09,32.568280106453756
10471.0,2020-01,72.61824558461882
10471.0,2020-02,90.31983796296296
10471.0,2020-03,114.60025877192983
10471.0,2020-04,70.70840277777778
10471.0,2020-05,76.66011454753722
10471.0,2020-06,99.79105119825708
10471.0,2020-07,108.011228453991
10471.0,2020-08,73.78229280926264
10471.0,2020-09,27.72601585014409
10472.0,2020-01,133.2377195545393
10472.0,2020-02,135.0226171548117
10472.0,2020-03,260.8722062004326
10472.0,2020-04,174.84820115110722
10472.0,2020-05,93.96794488838154
10472.0,2020-06,74.72495711930856
10472.0,2020-07,66.81061518898535
10472.0,2020-08,50.39293691148776
10472.0,2020-09,20.609952781237027
10473.0,2020-01,124.48744187405072
10473.0,2020-02,97.93910436137072
10473.0,2020-03,140.84229668767767
10473.0,2020-04,78.17609170751633
10473.0,2020-05,60.83568238406473
10473.0,2020-06,67.58832237536966
10473.0,2020-07,78.20643723685149
10473.0,2020-08,49.77078532644683
10473.0,2020-09,21.10395988768552
10474.0,2020-01,254.18658520690778
10474.0,2020-02,185.41444265809218
10474.0,2020-03,274.8076967871486
10474.0,2020-04,152.63978331704138
10474.0,2020-05,104.3434103454416
10474.0,2020-06,81.51678452579036
10474.0,2020-07,139.17775516795865
10474.0,2020-08,77.7520436067997
10474.0,2020-09,36.08569302721089
10475.0,2020-01,88.29427879714576
10475.0,2020-02,174.88184969853575
10475.0,2020-03,179.96406662409535
10475.0,2020-04,112.09307692307692
10475.0,2020-05,120.17925147836912
10475.0,2020-06,113.42532735669656
10475.0,2020-07,136.78611675126905
10475.0,2020-08,72.29391019988242
10475.0,2020-09,26.846668803418805
11001.0,2020-01,151.1163621794872
11001.0,2020-02,256.54246376811597
11001.0,2020-03,35.89724160206719
11001.0,2020-04,26.302866666666663
11001.0,2020-05,81.1732264957265
11001.0,2020-06,223.06744117647057
11001.0,2020-07,168.74817574786326
11001.0,2020-08,169.74116471734894
11001.0,2020-09,40.896559829059825
11004.0,2020-01,387.51062706270625
11004.0,2020-02,528.07363997114
11004.0,2020-03,96.83401657706094
11004.0,2020-04,97.79415151515151
11004.0,2020-05,194.5817806267806
11004.0,2020-06,193.89378997289973
11004.0,2020-07,243.77795510455107
11004.0,2020-08,182.84713208784004
11004.0,2020-09,37.079040849673206
11005.0,2020-01,25.450648148148147
11005.0,2020-03,9.550555555555556
11005.0,2020-04,7.938611111111111
11005.0,2020-05,0.42727777777777776
11005.0,2020-06,84.31006944444445
11005.0,2020-07,201.98875
11005.0,2020-08,197.4975
11005.0,2020-09,0.5223333333333333
11040.0,2020-01,345.4349154589372
11040.0,2020-02,346.16330158730153
11040.0,2020-03,101.16803571428571
11040.0,2020-04,144.5111031746032
11040.0,2020-05,173.30672413793104
11040.0,2020-06,116.41372685185185
11040.0,2020-07,151.5278015873016
11040.0,2020-08,143.30575281803542
11040.0,2020-09,26.663849206349205
11101.0,2020-01,131.70516344725112
11101.0,2020-02,126.74972476851852
11101.0,2020-03,154.1739671793157
11101.0,2020-04,58.25575564434297
11101.0,2020-05,63.701251419302515
11101.0,2020-06,53.18985253430722
11101.0,2020-07,74.60205504247193
11101.0,2020-08,64.36443078890963
11101.0,2020-09,21.318468451483156
11102.0,2020-01,136.6715639897323
11102.0,2020-02,91.89926481734122
11102.0,2020-03,158.2046788468279
11102.0,2020-04,81.55796979226226
11102.0,2020-05,73.0255910808768
11102.0,2020-06,83.50918567807351
11102.0,2020-07,133.61935603467944
11102.0,2020-08,89.63303774215098
11102.0,2020-09,17.998628897971543
11103.0,2020-01,122.22246027277278
11103.0,2020-02,91.85525777162202
11103.0,2020-03,118.5676817558299
11103.0,2020-04,98.60756741686941
11103.0,2020-05,61.230146670887414
11103.0,2020-06,104.69601472556894
11103.0,2020-07,124.69914376030786
11103.0,2020-08,127.34156591424448
11103.0,2020-09,30.752469135802468
11104.0,2020-01,162.4405524691358
11104.0,2020-02,149.41274582889596
11104.0,2020-03,126.8133810763889
11104.0,2020-04,73.92655778894472
11104.0,2020-05,90.88048493408662
11104.0,2020-06,126.52927980278218
11104.0,2020-07,110.88124751095181
11104.0,2020-08,129.78285950339406
11104.0,2020-09,29.327864452798664
11105.0,2020-01,187.96712698412696
11105.0,2020-02,129.6565694918468
11105.0,2020-03,164.45098488562093
11105.0,2020-04,63.64562706679894
11105.0,2020-05,75.20360726021771
11105.0,2020-06,92.84498487559645
11105.0,2020-07,121.94682565789473
11105.0,2020-08,115.87601294704446
11105.0,2020-09,27.051439726209463
11106.0,2020-01,145.16403370596205
11106.0,2020-02,113.5992270738204
11106.0,2020-03,169.94316060455074
11106.0,2020-04,113.9651801546878
11106.0,2020-05,66.91119081439393
11106.0,2020-06,93.14717308279864
11106.0,2020-07,102.65564708939709
11106.0,2020-08,110.43470270890725
11106.0,2020-09,27.887254467754467
11109.0,2020-01,127.56658950617283
11109.0,2020-02,69.73763071895425
11109.0,2020-03,254.44951388888884
11109.0,2020-04,1.8722558922558923
11109.0,2020-05,3.2929211469534048
11109.0,2020-06,8.884106861819326
11109.0,2020-07,2.37617904589372
11109.0,2020-08,13.716805555555554
11109.0,2020-09,5.63846600331675
11201.0,2020-01,113.43519323671498
11201.0,2020-02,167.22258091286307
11201.0,2020-03,137.05670269245354
11201.0,2020-04,73.16775820535983
11201.0,2020-05,49.78088449762308
11201.0,2020-06,95.07801384667341
11201.0,2020-07,78.91653133903134
11201.0,2020-08,68.65433445190156
11201.0,2020-09,27.372026898583783
11203.0,2020-01,150.16754540023894
11203.0,2020-02,176.2778858303249
11203.0,2020-03,184.87290492794048
11203.0,2020-04,149.70121506986027
11203.0,2020-05,156.4431804949054
11203.0,2020-06,89.74880122468205
11203.0,2020-07,107.10484725601513
11203.0,2020-08,95.71824768288647
11203.0,2020-09,27.48972239274265
11204.0,2020-01,133.69903855162076
11204.0,2020-02,163.0773839506173
11204.0,2020-03,122.40433298580082
11204.0,2020-04,77.02523418710919
11204.0,2020-05,79.51401973569814
11204.0,2020-06,122.25509624362566
11204.0,2020-07,168.8917088057445
11204.0,2020-08,94.65535669191918
11204.0,2020-09,33.32150245549416
11205.0,2020-01,131.74194960760016
11205.0,2020-02,116.44614589457183
11205.0,2020-03,172.10641330891332
11205.0,2020-04,154.7845096899225
11205.0,2020-05,106.8707622676178
11205.0,2020-06,105.09914742162863
11205.0,2020-07,118.11102645268944
11205.0,2020-08,104.70391822318007
11205.0,2020-09,29.599358216970998
11206.0,2020-01,151.3824651081647
11206.0,2020-02,138.8357249720358
11206.0,2020-03,192.90361012887004
11206.0,2020-04,106.90312281359321
11206.0,2020-05,57.829899804496584
11206.0,2020-06,66.16920935883716
11206.0,2020-07,96.37113336063337
11206.0,2020-08,67.13778290553212
11206.0,2020-09,26.752978428537
11207.0,2020-01,151.81011909268722
11207.0,2020-02,158.99098026020638
11207.0,2020-03,222.52883027383982
11207.0,2020-04,153.053229857989
11207.0,2020-05,129.37359556384743
11207.0,2020-06,108.30834398686648
11207.0,2020-07,99.54451418595298
11207.0,2020-08,77.50522075168428
11207.0,2020-09,24.88750313873195
11208.0,2020-01,170.9071085325832
11208.0,2020-02,170.85156425048075
11208.0,2020-03,199.37451040505385
11208.0,2020-04,185.28568936314363
11208.0,2020-05,99.85306935734577
11208.0,2020-06,99.36473509933775
11208.0,2020-07,74.53934230863807
11208.0,2020-08,69.82997884302412
11208.0,2020-09,21.373300952999784
11209.0,2020-01,95.34000780084114
11209.0,2020-02,79.12073422101858
11209.0,2020-03,165.67017182539684
11209.0,2020-04,60.573140851449274
11209.0,2020-05,80.3584557082856
11209.0,2020-06,92.24109040614854
11209.0,2020-07,143.78353246124033
11209.0,2020-08,120.64599709084084
11209.0,2020-09,34.65890418551033
11210.0,2020-01,152.3023938204509
11210.0,2020-02,166.0934377822945
11210.0,2020-03,231.31746419380107
11210.0,2020-04,127.72286395814096
11210.0,2020-05,101.96053780864197
11210.0,2020-06,142.52081505209344
11210.0,2020-07,176.87823165954416
11210.0,2020-08,131.7727665909404
11210.0,2020-09,32.05582834181891
11211.0,2020-01,159.77609709480123
11211.0,2020-02,122.137351836394
11211.0,2020-03,210.02214630912667
11211.0,2020-04,87.96772434923528
11211.0,2020-05,76.35756517792302
11211.0,2020-06,79.70296984611902
11211.0,2020-07,103.74191575851928
11211.0,2020-08,70.67972668162726
11211.0,2020-09,23.98544172810762
11212.0,2020-01,118.97561365917689
11212.0,2020-02,169.12599151896322
11212.0,2020-03,193.02288154897494
11212.0,2020-04,178.58104580285615
11212.0,2020-05,141.4084868064035
11212.0,2020-06,82.99369723490614
11212.0,2020-07,127.85505977158714
11212.0,2020-08,92.12001340482574
11212.0,2020-09,33.26871003668763
11213.0,2020-01,122.85515131166622
11213.0,2020-02,129.71660444444444
11213.0,2020-03,220.45821812780991
11213.0,2020-04,145.9325594899507
11213.0,2020-05,119.58242766726944
11213.0,2020-06,101.51740697509904
11213.0,2020-07,92.49282596771667
11213.0,2020-08,82.81565178208035
11213.0,2020-09,30.684669176363222
11214.0,2020-01,97.8878239629185
11214.0,2020-02,96.590734563056
11214.0,2020-03,150.17233195687086
11214.0,2020-04,94.40165821611602
11214.0,2020-05,96.41076910591727
11214.0,2020-06,98.19422649034425
11214.0,2020-07,122.3849808899809
11214.0,2020-08,105.20340574211093
11214.0,2020-09,28.32150799477892
11215.0,2020-01,158.2411383184132
11215.0,2020-02,166.0230635155907
11215.0,2020-03,131.88999948702167
11215.0,2020-04,124.04541076388888
11215.0,2020-05,92.0349592459246
11215.0,2020-06,113.79846237970254
11215.0,2020-07,148.40929292929295
11215.0,2020-08,97.29466124178347
11215.0,2020-09,23.605903712007972
11216.0,2020-01,123.44773114189984
11216.0,2020-02,115.93871330275229
11216.0,2020-03,212.6404086560159
11216.0,2020-04,136.13218268544026
11216.0,2020-05,108.0539026435856
11216.0,2020-06,106.0524547833748
11216.0,2020-07,122.64703370854514
11216.0,2020-08,83.6467312371327
11216.0,2020-09,25.97620252961896
11217.0,2020-01,166.11668845315904
11217.0,2020-02,184.68778763769888
11217.0,2020-03,163.6392708333333
11217.0,2020-04,95.02557447665056
11217.0,2020-05,81.50536930608769
11217.0,2020-06,94.63963081761007
11217.0,2020-07,122.50001931729265
11217.0,2020-08,83.74562620423893
11217.0,2020-09,27.33674095607235
11218.0,2020-01,151.27621824744153
11218.0,2020-02,159.27975071907957
11218.0,2020-03,154.64911514532906
11218.0,2020-04,84.57370804398148
11218.0,2020-05,97.65695588763238
11218.0,2020-06,100.30326438492064
11218.0,2020-07,123.5832001093921
11218.0,2020-08,105.41842305151916
11218.0,2020-09,29.884646854409244
11219.0,2020-01,136.38767926204662
11219.0,2020-02,162.4935725662589
11219.0,2020-03,163.39627119160872
11219.0,2020-04,101.99146342227233
11219.0,2020-05,95.84346143473572
11219.0,2020-06,81.13470087034327
11219.0,2020-07,114.71789024390245
11219.0,2020-08,106.48884145228973
11219.0,2020-09,26.32887941919192
11220.0,2020-01,132.37963037470536
11220.0,2020-02,120.52373648439914
11220.0,2020-03,135.01633475672878
11220.0,2020-04,104.35515570249802
11220.0,2020-05,81.20528584684902
11220.0,2020-06,80.79858916900093
11220.0,2020-07,112.95610817477096
11220.0,2020-08,77.23623668603244
11220.0,2020-09,23.608366518310298
11221.0,2020-01,131.6739012096774
11221.0,2020-02,114.95802488306111
11221.0,2020-03,146.77464406550277
11221.0,2020-04,136.5655395266353
11221.0,2020-05,82.46275582388097
11221.0,2020-06,79.43821199003018
11221.0,2020-07,96.96465425531915
11221.0,2020-08,68.8896394946967
11221.0,2020-09,21.784887457981284
11222.0,2020-01,164.53821812736828
11222.0,2020-02,189.65837750036502
11222.0,2020-03,191.99808245818747
11222.0,2020-04,92.07202698999862
11222.0,2020-05,64.76439329805996
11222.0,2020-06,89.67106952146231
11222.0,2020-07,109.8879512635379
11222.0,2020-08,63.01156127402088
11222.0,2020-09,24.906485711599927
11223.0,2020-01,162.92276216305063
11223.0,2020-02,118.97832325268818
11223.0,2020-03,178.6900851947308
11223.0,2020-04,109.94101350521792
11223.0,2020-05,111.85472074990184
11223.0,2020-06,113.84504442925494
11223.0,2020-07,154.33330161476354
11223.0,2020-08,124.3677661323469
11223.0,2020-09,24.922779345878137
11224.0,2020-01,109.77485648148148
11224.0,2020-02,159.73286799620132
11224.0,2020-03,120.79037287287288
11224.0,2020-04,126.16383967629046
11224.0,2020-05,102.72139912954428
11224.0,2020-06,81.99344384707288
11224.0,2020-07,91.209559352518
11224.0,2020-08,59.742331402257875
11224.0,2020-09,29.645508056758054
11225.0,2020-01,100.0540170940171
11225.0,2020-02,132.94079243765086
11225.0,2020-03,197.9188678173556
11225.0,2020-04,168.62337662999187
11225.0,2020-05,95.39694183892072
11225.0,2020-06,67.95389943489334
11225.0,2020-07,112.77857204649906
11225.0,2020-08,77.9748780312194
11225.0,2020-09,25.51529144670689
11226.0,2020-01,115.66098676412486
11226.0,2020-02,126.75153023942785
11226.0,2020-03,195.1826523565872
11226.0,2020-04,168.71710668832927
11226.0,2020-05,92.87085066349772
11226.0,2020-06,67.75542603645425
11226.0,2020-07,105.61797827153678
11226.0,2020-08,93.06101699848644
11226.0,2020-09,32.88799899239718
11228.0,2020-01,105.85788215236194
11228.0,2020-02,147.1280550682261
11228.0,2020-03,149.9165127294257
11228.0,2020-04,109.8465733464309
11228.0,2020-05,77.28373263888889
11228.0,2020-06,78.15346457101359
11228.0,2020-07,122.91363624645527
11228.0,2020-08,147.04379648354117
11228.0,2020-09,24.37412291052114
11229.0,2020-01,150.336608544686
11229.0,2020-02,159.31857301587303
11229.0,2020-03,153.96307741659538
11229.0,2020-04,145.7890960976158
11229.0,2020-05,145.37796571250223
11229.0,2020-06,115.00604317961754
11229.0,2020-07,166.72743592208124
11229.0,2020-08,125.03893881423417
11229.0,2020-09,34.31942193529237
11230.0,2020-01,129.24736471022518
11230.0,2020-02,137.8047558859975
11230.0,2020-03,170.69898486267167
11230.0,2020-04,135.09424913902484
11230.0,2020-05,129.99920709898143
11230.0,2020-06,127.35306187871302
11230.0,2020-07,205.75797544558208
11230.0,2020-08,135.96392390788225
11230.0,2020-09,40.811389098532494
11231.0,2020-01,150.74651997976733
11231.0,2020-02,154.14974125514405
11231.0,2020-03,149.31004913407278
11231.0,2020-04,153.21233146815882
11231.0,2020-05,140.2431941309255
11231.0,2020-06,124.54175958644157
11231.0,2020-07,101.50892433751743
11231.0,2020-08,97.98739241939782
11231.0,2020-09,38.1697147887324
11232.0,2020-01,114.10311644978312
11232.0,2020-02,97.86031677350427
11232.0,2020-03,143.4541876021242
11232.0,2020-04,139.30229714153987
11232.0,2020-05,108.00567847000355
11232.0,2020-06,86.18301061097594
11232.0,2020-07,103.89960510275165
11232.0,2020-08,82.34695638020834
11232.0,2020-09,22.57222353455818
11233.0,2020-01,130.13147354092223
11233.0,2020-02,143.60349694189603
11233.0,2020-03,240.94370490345526
11233.0,2020-04,185.25192027902344
11233.0,2020-05,110.6717459400475
11233.0,2020-06,87.67303524904214
11233.0,2020-07,131.0163922260361
11233.0,2020-08,87.76945875686411
11233.0,2020-09,30.869267434785915
11234.0,2020-01,290.3950255255255
11234.0,2020-02,218.93548530361755
11234.0,2020-03,199.88300594439977
11234.0,2020-04,83.82923205959285
11234.0,2020-05,88.25187407641968
11234.0,2020-06,120.10896763443805
11234.0,2020-07,160.69975091074681
11234.0,2020-08,147.4225777504969
11234.0,2020-09,26.144964325297867
11235.0,2020-01,149.72876640596908
11235.0,2020-02,168.43236870220423
11235.0,2020-03,151.68850688993547
11235.0,2020-04,158.21780833879066
11235.0,2020-05,85.93546400249488
11235.0,2020-06,106.90116974293373
11235.0,2020-07,157.64702612747547
11235.0,2020-08,107.27948484848486
11235.0,2020-09,30.465021367521366
11236.0,2020-01,124.54119744140276
11236.0,2020-02,181.9058282060562
11236.0,2020-03,170.74117428800642
11236.0,2020-04,161.7628821656051
11236.0,2020-05,131.82312094270392
11236.0,2020-06,100.2120958163661
11236.0,2020-07,92.8954295727953
11236.0,2020-08,113.83082241961812
11236.0,2020-09,23.07117661400429
11237.0,2020-01,170.96205686715385
11237.0,2020-02,213.2381927119427
11237.0,2020-03,214.22641970000956
11237.0,2020-04,97.77863942826322
11237.0,2020-05,80.0491082392553
11237.0,2020-06,81.06808332017475
11237.0,2020-07,81.28313838825171
11237.0,2020-08,53.31798274144398
11237.0,2020-09,25.880865103635745
11238.0,2020-01,146.46002913111295
11238.0,2020-02,110.85034914529913
11238.0,2020-03,158.66970726079745
11238.0,2020-04,126.736245060437
11238.0,2020-05,83.58735538194443
11238.0,2020-06,84.77054599370612
11238.0,2020-07,94.42871066345961
11238.0,2020-08,79.26373586263624
11238.0,2020-09,27.95916223109337
11239.0,2020-01,116.09203142536477
11239.0,2020-02,101.67803009259259
11239.0,2020-03,139.4701846205962
11239.0,2020-04,123.64297032828281
11239.0,2020-05,110.93585304659499
11239.0,2020-06,94.51405267817618
11239.0,2020-07,161.13964743589744
11239.0,2020-08,103.8117962962963
11239.0,2020-09,37.099783625731
11241.0,2020-02,69.5425
11241.0,2020-03,11.950173611111111
11241.0,2020-04,1.2361111111111112
11241.0,2020-05,65.62916666666666
11241.0,2020-06,73.03833333333333
11241.0,2020-07,23.528055555555557
11241.0,2020-08,47.719166666666666
11242.0,2020-01,21.766666666666666
11242.0,2020-02,24.95
11242.0,2020-03,2275.8258333333333
11242.0,2020-06,190.50447916666667
11249.0,2020-01,153.2881222018722
11249.0,2020-02,170.39491543209874
11249.0,2020-03,120.26460138387486
11249.0,2020-04,100.09136957193633
11249.0,2020-05,49.41125374625375
11249.0,2020-06,58.2439174382716
11249.0,2020-07,76.3889978144388
11249.0,2020-08,53.086528791565286
11249.0,2020-09,16.34947826372472
11251.0,2020-02,1114.4695833333333
11251.0,2020-03,1.0716666666666668
11251.0,2020-04,1.27125
11251.0,2020-05,2.5556944444444447
11251.0,2020-09,120.85583333333334
11354.0,2020-01,173.64693756023684
11354.0,2020-02,182.30675349623485
11354.0,2020-03,179.5045510620915
11354.0,2020-04,172.60046055169752
11354.0,2020-05,116.63918079726312
11354.0,2020-06,187.84174687890138
11354.0,2020-07,153.66909530478858
11354.0,2020-08,142.20250930232558
11354.0,2020-09,37.72714996538595
11355.0,2020-01,184.64127367268745
11355.0,2020-02,177.57986619628784
11355.0,2020-03,214.79568231162196
11355.0,2020-04,191.9631340687736
11355.0,2020-05,225.36587426532324
11355.0,2020-06,134.81689483204133
11355.0,2020-07,137.77613046559807
11355.0,2020-08,123.97894448822346
11355.0,2020-09,26.351807471264365
11356.0,2020-01,88.7354377921611
11356.0,2020-02,145.78527561776397
11356.0,2020-03,109.54033186837952
11356.0,2020-04,107.98928699119912
11356.0,2020-05,81.05157393292683
11356.0,2020-06,186.40960650705955
11356.0,2020-07,123.27265076280945
11356.0,2020-08,173.126638511815
11356.0,2020-09,45.83810241472475
11357.0,2020-01,191.9440646853147
11357.0,2020-02,208.03103947639661
11357.0,2020-03,243.89629997895622
11357.0,2020-04,179.20780132850243
11357.0,2020-05,131.97499023105675
11357.0,2020-06,138.74337887561828
11357.0,2020-07,101.53216360245138
11357.0,2020-08,166.8395629789272
11357.0,2020-09,32.57163522763451
11358.0,2020-01,175.5203892981379
11358.0,2020-02,186.1546885064412
11358.0,2020-03,230.0755544830545
11358.0,2020-04,180.88859579504316
11358.0,2020-05,117.49417751084418
11358.0,2020-06,137.69750362634176
11358.0,2020-07,160.77108582527117
11358.0,2020-08,162.7718580577897
11358.0,2020-09,38.57117897727273
11359.0,2020-01,0.029583333333333336
11359.0,2020-02,3622.8547222222223
11359.0,2020-04,1.4238071895424838
11359.0,2020-05,81.87233333333333
11359.0,2020-06,20.792499999999997
11359.0,2020-07,0.5858333333333333
11359.0,2020-08,51.82675925925926
11359.0,2020-09,15.499722222222221
11360.0,2020-01,250.41173126614984
11360.0,2020-02,189.2178635620915
11360.0,2020-03,284.8182384259259
11360.0,2020-04,326.5672194809942
11360.0,2020-05,170.7283517795139
11360.0,2020-06,181.54260885885887
11360.0,2020-07,120.02072374131944
11360.0,2020-08,142.79781999324553
11360.0,2020-09,40.05505835667601
11361.0,2020-01,209.3666154371585
11361.0,2020-02,194.8240913881361
11361.0,2020-03,210.79234505862647
11361.0,2020-04,148.75670356703566
11361.0,2020-05,96.49799047235642
11361.0,2020-06,162.29446027068326
11361.0,2020-07,199.2779324301295
11361.0,2020-08,165.83447257383966
11361.0,2020-09,39.7242672547199
11362.0,2020-01,234.0845427963849
11362.0,2020-02,233.0347026143791
11362.0,2020-03,211.85133333333332
11362.0,2020-04,105.43889999999999
11362.0,2020-05,163.68769822006473
11362.0,2020-06,243.7238770456503
11362.0,2020-07,220.16221590909092
11362.0,2020-08,203.92577390180878
11362.0,2020-09,53.75007142857143
11363.0,2020-01,139.4327494855967
11363.0,2020-02,346.5840998931624
11363.0,2020-03,580.6186538461538
11363.0,2020-04,100.30761458333333
11363.0,2020-05,180.6033923611111
11363.0,2020-06,271.7664497716895
11363.0,2020-07,197.9003304947283
11363.0,2020-08,242.7034049554781
11363.0,2020-09,61.048807870370375
11364.0,2020-01,228.37618257820927
11364.0,2020-02,169.32479086845464
11364.0,2020-03,229.29202435312024
11364.0,2020-04,163.7045885942761
11364.0,2020-05,159.2662944908697
11364.0,2020-06,160.3521581196581
11364.0,2020-07,153.82849383738042
11364.0,2020-08,177.98377390180877
11364.0,2020-09,36.51446954972465
11365.0,2020-01,182.8209972022382
11365.0,2020-02,100.98672611111111
11365.0,2020-03,187.30914710485132
11365.0,2020-04,107.7141222002635
11365.0,2020-05,92.28620036273387
11365.0,2020-06,94.32937736949548
11365.0,2020-07,92.35552679573514
11365.0,2020-08,133.99124942369755
11365.0,2020-09,21.2270254459172
11366.0,2020-01,147.7058327950043
11366.0,2020-02,70.5087037037037
11366.0,2020-03,87.80133323901151
11366.0,2020-04,35.42059060228453
11366.0,2020-05,90.55638888888889
11366.0,2020-06,39.85112930947326
11366.0,2020-07,39.04312624750499
11366.0,2020-08,64.78184123503203
11366.0,2020-09,12.4885706049317
11367.0,2020-01,206.68189357567445
11367.0,2020-02,181.92051020408164
11367.0,2020-03,163.849859948861
11367.0,2020-04,140.0551310116086
11367.0,2020-05,89.78691468253969
11367.0,2020-06,102.65438442211055
11367.0,2020-07,156.7079241861288
11367.0,2020-08,175.1540703405018
11367.0,2020-09,42.546191438640136
11368.0,2020-01,149.5361921708185
11368.0,2020-02,152.5952814716312
11368.0,2020-03,191.15612088561556
11368.0,2020-04,63.829898886616675
11368.0,2020-05,61.985576910998056
11368.0,2020-06,61.63374429888404
11368.0,2020-07,89.6136768938226
11368.0,2020-08,61.340038813099994
11368.0,2020-09,10.621360090061787
11369.0,2020-01,166.88256425824733
11369.0,2020-02,219.18434531382528
11369.0,2020-03,218.65247587230886
11369.0,2020-04,194.70980082172204
11369.0,2020-05,99.52054469273743
11369.0,2020-06,98.88673005490956
11369.0,2020-07,117.62558807250588
11369.0,2020-08,86.27860503802282
11369.0,2020-09,19.482725717685557
11370.0,2020-01,128.16854468599035
11370.0,2020-02,169.3973659305994
11370.0,2020-03,235.25497327707453
11370.0,2020-04,48.783559454191035
11370.0,2020-05,85.41598546590599
11370.0,2020-06,113.26805988831119
11370.0,2020-07,82.20526504819057
11370.0,2020-08,107.7994299201162
11370.0,2020-09,15.643941006875139
11371.0,2020-01,61.614
11371.0,2020-02,12.16986111111111
11371.0,2020-03,0.043333333333333335
11371.0,2020-04,171.44500000000002
11371.0,2020-06,271.2396527777778
11371.0,2020-08,237.35569444444445
11372.0,2020-01,125.710353200883
11372.0,2020-02,128.88440012662235
11372.0,2020-03,114.63974874821173
11372.0,2020-04,116.02090366088632
11372.0,2020-05,58.4595304557008
11372.0,2020-06,93.39050222806632
11372.0,2020-07,130.3883093331061
11372.0,2020-08,87.50116158113731
11372.0,2020-09,16.854700285442437
11373.0,2020-01,133.33904739032982
11373.0,2020-02,113.88123220598071
11373.0,2020-03,173.7651667888563
11373.0,2020-04,135.75353525776092
11373.0,2020-05,63.92083016390473
11373.0,2020-06,166.55270060700275
11373.0,2020-07,101.81078683537302
11373.0,2020-08,96.4717875387703
11373.0,2020-09,17.00824348510882
11374.0,2020-01,189.49983441775106
11374.0,2020-02,161.83683324812543
11374.0,2020-03,162.87724144695542
11374.0,2020-04,93.60726268591426
11374.0,2020-05,82.67494612068965
11374.0,2020-06,84.71413667188315
11374.0,2020-07,101.39818460490463
11374.0,2020-08,120.5466762672811
11374.0,2020-09,38.09877787146337
11375.0,2020-01,183.89662981543418
11375.0,2020-02,136.52732755298652
11375.0,2020-03,156.46242717195156
11375.0,2020-04,139.36356889204546
11375.0,2020-05,102.17212363720715
11375.0,2020-06,127.69339108679387
11375.0,2020-07,143.4255634787472
11375.0,2020-08,135.7885312941877
11375.0,2020-09,29.201809600862997
11377.0,2020-01,125.1923590729094
11377.0,2020-02,133.71888963963963
11377.0,2020-03,159.28635939705586
11377.0,2020-04,100.83399721448468
11377.0,2020-05,75.13803566214047
11377.0,2020-06,83.24373372973612
11377.0,2020-07,92.36546907898695
11377.0,2020-08,81.94531564556716
11377.0,2020-09,19.85678591559219
11378.0,2020-01,115.38138671237348
11378.0,2020-02,133.06681325515282
11378.0,2020-03,115.53890765268581
11378.0,2020-04,124.8778841041999
11378.0,2020-05,121.99488053613054
11378.0,2020-06,103.86934352701326
11378.0,2020-07,113.42133099866591
11378.0,2020-08,132.32477627955944
11378.0,2020-09,20.858120167881598
11379.0,2020-01,145.16044276787076
11379.0,2020-02,188.60273944728377
11379.0,2020-03,153.236621024735
11379.0,2020-04,100.73117210289048
11379.0,2020-05,89.92895188221007
11379.0,2020-06,123.89149340277778
11379.0,2020-07,109.77337032784793
11379.0,2020-08,142.12075250836122
11379.0,2020-09,27.721821263227515
11385.0,2020-01,122.35328758397034
11385.0,2020-02,105.68141523889122
11385.0,2020-03,123.39801245210728
11385.0,2020-04,99.5743794968968
11385.0,2020-05,79.60326031315869
11385.0,2020-06,91.00478061473127
11385.0,2020-07,87.51310537695056
11385.0,2020-08,89.17733470324157
11385.0,2020-09,24.224068239768357
11411.0,2020-01,103.30212995337996
11411.0,2020-02,229.94927712160978
11411.0,2020-03,140.38780974426808
11411.0,2020-04,62.233749257278674
11411.0,2020-05,103.59431543903453
11411.0,2020-06,90.93589605734766
11411.0,2020-07,107.25059333333334
11411.0,2020-08,165.04205181707528
11411.0,2020-09,36.49059237912264
11412.0,2020-01,155.4635341726619
11412.0,2020-02,167.29732318271118
11412.0,2020-03,265.78545766030345
11412.0,2020-04,158.94659490740742
11412.0,2020-05,151.07572133412276
11412.0,2020-06,148.89207865786577
11412.0,2020-07,132.42998635783118
11412.0,2020-08,141.01632211985853
11412.0,2020-09,37.36140912435614
11413.0,2020-01,200.34814638447972
11413.0,2020-02,190.45263760998566
11413.0,2020-03,130.34572836928785
11413.0,2020-04,112.53527048914803
11413.0,2020-05,117.30837444209537
11413.0,2020-06,149.75536828324226
11413.0,2020-07,109.34183637528018
11413.0,2020-08,120.23083509560314
11413.0,2020-09,37.55508723008723
11414.0,2020-01,151.04396865379232
11414.0,2020-02,232.1445349258053
11414.0,2020-03,123.85195997807018
11414.0,2020-04,102.31628895663957
11414.0,2020-05,169.25168255784388
11414.0,2020-06,93.44079816595442
11414.0,2020-07,94.02891083026154
11414.0,2020-08,118.11769981060607
11414.0,2020-09,27.777044494158588
11415.0,2020-01,105.2542674291939
11415.0,2020-02,138.1476478953356
11415.0,2020-03,171.78898740310078
11415.0,2020-04,115.18159053497942
11415.0,2020-05,116.63299000644746
11415.0,2020-06,147.301311060491
11415.0,2020-07,192.4865023011177
11415.0,2020-08,141.63317239404356
11415.0,2020-09,32.354959523809526
11416.0,2020-01,141.96728213507623
11416.0,2020-02,136.9880540458937
11416.0,2020-03,105.26109602056785
11416.0,2020-04,118.76867019400353
11416.0,2020-05,69.79422695232796
11416.0,2020-06,122.1687018665491
11416.0,2020-07,74.72013853815938
11416.0,2020-08,107.15157815904139
11416.0,2020-09,17.916747299382717
11417.0,2020-01,146.30758429672446
11417.0,2020-02,183.11287462581438
11417.0,2020-03,205.10524088129876
11417.0,2020-04,166.6021245791246
11417.0,2020-05,123.35221715755026
11417.0,2020-06,135.48020146226918
11417.0,2020-07,94.45169323671497
11417.0,2020-08,86.92326648841355
11417.0,2020-09,15.004189439946018
11418.0,2020-01,189.75287187039763
11418.0,2020-02,154.51148835716904
11418.0,2020-03,162.94147439105774
11418.0,2020-04,191.28663483796296
11418.0,2020-05,148.25201692329034
11418.0,2020-06,133.19093647316538
11418.0,2020-07,100.43221124971124
11418.0,2020-08,118.23532082464675
11418.0,2020-09,24.53061282932417
11419.0,2020-01,141.1428971606242
11419.0,2020-02,151.7663528138528
11419.0,2020-03,122.96583829831712
11419.0,2020-04,121.85549545587804
11419.0,2020-05,73.86358267316676
11419.0,2020-06,106.45974046910432
11419.0,2020-07,106.76886184561967
11419.0,2020-08,83.28664888670059
11419.0,2020-09,11.351769979876384
11420.0,2020-01,177.65490652346858
11420.0,2020-02,230.75348798397863
11420.0,2020-03,218.72177791771622
11420.0,2020-04,169.34970197300103
11420.0,2020-05,123.1321951716114
11420.0,2020-06,109.4538362835004
11420.0,2020-07,92.46266811056105
11420.0,2020-08,99.60340000534445
11420.0,2020-09,17.449895090044173
11421.0,2020-01,98.39361552567236
11421.0,2020-02,157.83017719629106
11421.0,2020-03,139.73032326185833
11421.0,2020-04,181.2523502415459
11421.0,2020-05,138.0884634465974
11421.0,2020-06,72.45108931240658
11421.0,2020-07,84.43402535328346
11421.0,2020-08,87.70275798525799
11421.0,2020-09,12.893333110218652
11422.0,2020-01,174.15269001610304
11422.0,2020-02,160.1810297880117
11422.0,2020-03,167.55888428991906
11422.0,2020-04,209.06211006781427
11422.0,2020-05,154.1196351693574
11422.0,2020-06,123.53481558900037
11422.0,2020-07,113.18875773651635
11422.0,2020-08,134.52789569031273
11422.0,2020-09,28.18829562353941
11423.0,2020-01,165.13725494123932
11423.0,2020-02,194.92610761265044
11423.0,2020-03,222.1070883233533
11423.0,2020-04,158.7793921095008
11423.0,2020-05,129.62792159591743
11423.0,2020-06,137.90464338781575
11423.0,2020-07,114.33791405924072
11423.0,2020-08,114.0102290172392
11423.0,2020-09,27.395633270321362
11426.0,2020-01,211.07954629629631
11426.0,2020-02,225.30582446808512
11426.0,2020-03,242.3082725262576
11426.0,2020-04,153.76370134465677
11426.0,2020-05,172.9537481962482
11426.0,2020-06,187.88904293674204
11426.0,2020-07,147.3395781653747
11426.0,2020-08,201.16899214181288
11426.0,2020-09,38.54904228855722
11427.0,2020-01,144.04582421227198
11427.0,2020-02,264.82434995446266
11427.0,2020-03,158.8058187772926
11427.0,2020-04,71.95494352236054
11427.0,2020-05,178.08970473251028
11427.0,2020-06,262.27356137387386
11427.0,2020-07,183.1596702279202
11427.0,2020-08,158.57078540507112
11427.0,2020-09,46.441567745803354
11428.0,2020-01,209.69496216646755
11428.0,2020-02,174.6460240655402
11428.0,2020-03,219.96123868312756
11428.0,2020-04,136.3478839869281
11428.0,2020-05,202.3751309390198
11428.0,2020-06,191.62298987411057
11428.0,2020-07,116.5842893289329
11428.0,2020-08,203.12683049606443
11428.0,2020-09,32.83645277777778
11429.0,2020-01,187.3075607638889
11429.0,2020-02,188.96714996246246
11429.0,2020-03,121.11048664944013
11429.0,2020-04,144.65042011019284
11429.0,2020-05,78.02741161616161
11429.0,2020-06,115.41077881180672
11429.0,2020-07,116.00730007370554
11429.0,2020-08,130.4634486657621
11429.0,2020-09,20.16284155015943
11430.0,2020-01,695.3250100401606
11430.0,2020-02,894.0300393201421
11430.0,2020-03,645.2259600862999
11430.0,2020-04,112.83195707070708
11430.0,2020-05,109.0137091503268
11430.0,2020-06,175.21710905349795
11430.0,2020-07,204.12622895622894
11430.0,2020-08,353.66665343915344
11430.0,2020-09,96.46407407407406
11432.0,2020-01,128.07061028719397
11432.0,2020-02,195.14180640763462
11432.0,2020-03,182.4889041005291
11432.0,2020-04,231.53254041248607
11432.0,2020-05,123.94244786048185
11432.0,2020-06,120.55305028546334
11432.0,2020-07,107.40209413798523
11432.0,2020-08,127.90761355105104
11432.0,2020-09,24.655088052150223
11433.0,2020-01,153.1047208994709
11433.0,2020-02,153.19011258767074
11433.0,2020-03,194.9373093115404
11433.0,2020-04,163.20991087691905
11433.0,2020-05,83.77706704138156
11433.0,2020-06,126.68442605497484
11433.0,2020-07,124.18833131067962
11433.0,2020-08,98.77141524736415
11433.0,2020-09,26.289078079588645
11434.0,2020-01,184.15975286195288
11434.0,2020-02,194.71848150528422
11434.0,2020-03,190.04441656710475
11434.0,2020-04,162.34372815694033
11434.0,2020-05,112.60776430795019
11434.0,2020-06,138.84075888734995
11434.0,2020-07,132.9805048571226
11434.0,2020-08,130.34442757660167
11434.0,2020-09,41.47604063741161
11435.0,2020-01,138.4559143254872
11435.0,2020-02,147.11744847119846
11435.0,2020-03,175.76154290765675
11435.0,2020-04,106.89070904104742
11435.0,2020-05,117.78232049134563
11435.0,2020-06,116.09441432152677
11435.0,2020-07,113.59852817670277
11435.0,2020-08,99.78301930806775
11435.0,2020-09,22.407107053040694
11436.0,2020-01,138.29134051597774
11436.0,2020-02,178.91472222222222
11436.0,2020-03,236.51853174603175
11436.0,2020-04,144.70485221674878
11436.0,2020-05,166.87022961203485
11436.0,2020-06,115.35551587301588
11436.0,2020-07,135.159771216098
11436.0,2020-08,101.9045501340156
11436.0,2020-09,21.505055555555554
11691.0,2020-01,182.28458465294273
11691.0,2020-02,145.9595412986208
11691.0,2020-03,324.0373646464646
11691.0,2020-04,234.66851180891038
11691.0,2020-05,200.75321158114636
11691.0,2020-06,128.88464961093015
11691.0,2020-07,149.23246533795495
11691.0,2020-08,138.90441600470726
11691.0,2020-09,27.95898245176314
11692.0,2020-01,112.95370043572984
11692.0,2020-02,140.91379349046017
11692.0,2020-03,221.85042649950833
11692.0,2020-04,191.69848017621146
11692.0,2020-05,272.14551898293274
11692.0,2020-06,258.724979445619
11692.0,2020-07,204.8411621687333
11692.0,2020-08,138.44013735420504
11692.0,2020-09,48.24784369114878
11693.0,2020-01,105.53945682944091
11693.0,2020-02,239.4314573268921
11693.0,2020-03,267.65946268237934
11693.0,2020-04,206.80716696535245
11693.0,2020-05,77.06946051423324
11693.0,2020-06,110.36161507936508
11693.0,2020-07,72.57003025793651
11693.0,2020-08,50.33553648614289
11693.0,2020-09,15.728387198986058
11694.0,2020-01,174.10212750716332
11694.0,2020-02,202.38891710758375
11694.0,2020-03,192.6297198067633
11694.0,2020-04,137.9125451388889
11694.0,2020-05,84.10492212301588
11694.0,2020-06,60.36276781903542
11694.0,2020-07,75.27731203425648
11694.0,2020-08,70.22177452177452
11694.0,2020-09,19.05925377229081
11695.0,2020-01,11.330694444444445
11695.0,2020-04,185.52522569444446
11695.0,2020-05,166.39546296296297
11695.0,2020-06,12.893888888888888
11695.0,2020-07,3.3669907407407407
11695.0,2020-08,23.046944444444446
11695.0,2020-09,16.37472222222222
11697.0,2020-01,390.09488888888893
11697.0,2020-02,0.5083333333333333
11697.0,2020-03,16.24361111111111
11697.0,2020-04,133.10132407407406
11697.0,2020-05,163.49410818713451
11697.0,2020-06,129.88396241830065
11697.0,2020-07,84.52225890985325
11697.0,2020-08,108.7526736111111
11697.0,2020-09,25.85733660130719
12345.0,2020-01,2.2509259259259258
12345.0,2020-02,18.609055555555557
12345.0,2020-03,5.338888888888889
12345.0,2020-05,0.6030555555555556
12345.0,2020-06,143.56162037037038
12345.0,2020-07,144.79296296296295
12345.0,2020-08,0.6279861111111111
12345.0,2020-09,1.027388888888889
